index,model_answer,gold_answer,is_correct
0,1,4049,False
1,2,1/2,False
2,9,\frac{1980}{169},False
3,41,6266942768,False
4,3,6,False
5,10,138,False
6,1,248/517,False
7,6561,1164,False
8,8,2 \sqrt{3}+\frac{8 \pi}{3},False
9,1440,213,False
10,2,14/5,False
11,2025,2112,False
0,1,4049,False
1,2,1/2,False
2,10,\frac{1980}{169},False
0,2026,4049,False
1,3,1/2,False
0,1,4049,False
1,3,1/2,False
2,12,\frac{1980}{169},False
3,41,6266942768,False
4,4050,6,False
5,0,138,False
6,1,248/517,False
7,12294,1164,False
8,6,2 \sqrt{3}+\frac{8 \pi}{3},False
9,14560,213,False
10,3,14/5,False
11,2025,2112,False
0,2,4049,False
1,3,1/2,False
2,9,\frac{1980}{169},False
3,13,6266942768,False
4,2,6,False
5,10,138,False
6,66/65,248/517,False
7,6144,1164,False
8,8,2 \sqrt{3}+\frac{8 \pi}{3},False
9,576,213,False
10,2,14/5,False
11,2025,2112,False
0,2,4049,False
1,3,1/2,False
2,12,\frac{1980}{169},False
3,41,6266942768,False
4,4,6,False
5,10,138,False
6,sqrt(66),248/517,False
7,12,1164,False
8,18.84955592153876,2 \sqrt{3}+\frac{8 \pi}{3},False
9,1680,213,False
10,3,14/5,False
11,2025,2112,False
0,1,4049,False
1,3/2,1/2,False
2,7,\frac{1980}{169},False
3,82,6266942768,False
4,4046,6,False
5,6,138,False
6,1,248/517,False
7,3**k*M,1164,False
8,8,2 \sqrt{3}+\frac{8 \pi}{3},False
9,120,213,False
10,2,14/5,False
11,2025,2112,False
0,2026,4049,False
1,2,1/2,False
2,12,\frac{1980}{169},False
3,41,6266942768,False
4,2024,6,False
5,10,138,False
6,1,248/517,False
7,108,1164,False
8,10.882796185405308,2 \sqrt{3}+\frac{8 \pi}{3},False
9,3,213,False
10,2,14/5,False
11,2025,2112,False
0,2,4049,False
1,2,1/2,False
2,5,\frac{1980}{169},False
3,41,6266942768,False
4,465,6,False
5,130,138,False
6,1,248/517,False
7,6561,1164,False
8,25.132741228718345,2 \sqrt{3}+\frac{8 \pi}{3},False
9,49152,213,False
10,3,14/5,False
11,2025,2112,False
